<?xml version="1.0" encoding="UTF-8"?>

<!DOCTYPE mapper
  PUBLIC "-//mybatis.org//DTD Mapper 3.0//EN"
  "https://mybatis.org/dtd/mybatis-3-mapper.dtd">
    
<mapper namespace="diary">
	<insert id="insert" parameterType="DiaryVo">
      insert into diary(d_no,u_email,create_dt,d_title,d_content,d_category,d_today)
      values (#{d_no},#{u_email},now(),#{d_title},#{d_content},#{d_category},#{d_today})
   </insert>

	<select id="findAll" resultType="DiaryVo">
		select * from diary
	</select>
		
	<select id="getdiaryList" resultType="DiaryVo">
      select * from diary where u_email = #{email} order by create_dt desc;
   </select>
 
   
   <select id="selectById" resultType="DiaryVo" parameterType="int">
      select * from diary where d_no = #{d_no}
   </select>
   
   <select id="selectLastId" resultType="String">
   	select * from diary ORDER BY create_dt DESC LIMIT 1
   </select>
   
    <delete id="deleteById" parameterType="int">
   delete from diary where d_no = #{d_no}
   </delete>
	
	<select id="selectIdByDiary" resultType="DiaryVo">
      select * from diary where d_no = #{d_no}
   </select>
   
   <update id="update" parameterType="hashMap" >
      update diary
         set d_title = #{d_title}, d_content= #{d_content}, d_category = #{d_category}, create_dt = now()
      where 
         d_no = #{d_no}
   </update>
	
</mapper>