<?xml version="1.0" encoding="UTF-8"?>
<!DOCTYPE mapper
  PUBLIC "-//mybatis.org//DTD Mapper 3.0//EN"
  "https://mybatis.org/dtd/mybatis-3-mapper.dtd">  
<mapper namespace="fileinfo">
	<insert id="insert" parameterType="java.util.List" useGeneratedKeys="true" keyProperty="f_id">
      insert into fileinfo(f_path, d_no, f_fileName, f_realFileName) values
         <foreach collection="list" item="item" index="index" separator=",">         
            (#{item.f_path},#{item.d_no},#{item.f_fileName},#{item.f_realFileName})         
         </foreach>
   </insert>
 	<select id="selectReplyByIdFiles" resultType="FileInfoVo" parameterType="int">
		select * from fileinfo where d_no = #{d_no}
	</select> 
	<update id="fileUpdate" parameterType="java.util.List">
  <foreach collection="list" item="item" index="index" separator=";">
    UPDATE fileinfo
    SET f_path = #{item.f_path},
        f_fileName = #{item.f_fileName},
        f_realFileName = #{item.f_realFileName}
    WHERE d_no = #{item.d_no}
  </foreach>
</update>
<update id="fileNullUpdate" parameterType="int">
    UPDATE fileinfo
    SET f_fileName = "1.png"
    WHERE d_no = #{d_no}
</update>
	
</mapper>