<?xml version="1.0" encoding="EUC-KR"?>
<!DOCTYPE mapper
  PUBLIC "-//mybatis.org//DTD Mapper 3.0//EN"
  "https://mybatis.org/dtd/mybatis-3-mapper.dtd">
    
<mapper namespace="user">
	<insert id="insert" parameterType="UserVo">
		insert into user(u_email,u_pw,u_name, u_am) values(#{u_email},#{u_pw},#{u_name},#{u_am})	
	</insert>

	<select id="getMemberByEmail" parameterType="UserVo" resultType="UserVo">
		select * from user where u_email = #{u_email}
	</select>
	
	<select id="idCheck" parameterType="String" resultType="int">
		select COUNT(*) from user where u_email = #{u_email}
	</select>
	
	<select id="nickCheck" parameterType="String" resultType="int">
		select COUNT(*) from user where u_name = #{u_name}
	</select>
	
	<update id="updatePw" parameterType="hashMap" >
		update user
			set u_pw = #{u_pw}
		where 
			u_email	=#{u_email}
	</update>
	
	<update id="updateProfile" parameterType="hashMap" >
		update user
			set u_am = #{u_am}, u_name = #{u_name}
		where 
			u_email	= #{u_email}
	</update>
	  <select id="getdiaryListDiary" resultType="UserVo">
      select * from user where u_email = #{u_email}
   </select>
	
</mapper>