<?xml version="1.0" encoding="UTF-8"?>
<beans xmlns="http://www.springframework.org/schema/beans"
   xmlns:xsi="http://www.w3.org/2001/XMLSchema-instance"
   xmlns:context="http://www.springframework.org/schema/context"
   xmlns:mybatis-spring="http://mybatis.org/schema/mybatis-spring"
   xsi:schemaLocation="http://mybatis.org/schema/mybatis-spring http://mybatis.org/schema/mybatis-spring-1.2.xsd
      http://www.springframework.org/schema/beans https://www.springframework.org/schema/beans/spring-beans.xsd
      http://www.springframework.org/schema/context http://www.springframework.org/schema/context/spring-context-4.3.xsd">

   <!--  Root Context: defines shared resources visible to all other web components -->
 
   <bean id="dataSource"
      class="org.apache.commons.dbcp2.BasicDataSource" 
      destroy-method="close">
      <property name="driverClassName" value="com.mysql.cj.jdbc.Driver"></property>
      <property name="url" value="jdbc:mysql://localhost:3306/diarydb?serverTimezone=UTC&amp;useSSL=false&amp;useUnicode=true&amp;characterEncoding=UTF-8"></property>
      <property name="username" value="diaryadmin"></property>
      <property name="password" value="admin1234"> </property>
   </bean>
   
 
   <bean id="sqlSessionFactory" class="org.mybatis.spring.SqlSessionFactoryBean">
      <property name="dataSource" ref="dataSource"></property>
      <property name="mapperLocations" value="classpath:/sqlmap/**/*_SQL.xml"></property>
      <property name="configLocation" value="classpath:/config/mybatis-config.xml"></property>
   </bean>
   
   
   <bean id="sqlSessionTemplate" class="org.mybatis.spring.SqlSessionTemplate">
      <constructor-arg index="0" ref="sqlSessionFactory"></constructor-arg>
   </bean> 

</beans>